Date,Open,High,Low,Close,Adj Close,Volume,Source
2019-01-02,52736.86,52736.86,50907.45,51264.06,51264.06,,Yahoo Finance (^J203.JO); 31-Dec-2020 verified from Yahoo table
2019-01-03,51264.06,51870.9,51135.2,51669.94,51669.94,,Yahoo Finance (^J203.JO); 31-Dec-2020 verified from Yahoo table
2019-01-04,51669.94,52202.95,51654.19,52202.95,52202.95,,Yahoo Finance (^J203.JO); 31-Dec-2020 verified from Yahoo table
2019-01-07,52202.95,53199.03,51813.74,51959.3,51959.3,,Yahoo Finance (^J203.JO); 31-Dec-2020 verified from Yahoo table
2019-01-08,51959.3,52341.52,51959.3,52165.47,52165.47,,Yahoo Finance (^J203.JO); 31-Dec-2020 verified from Yahoo table
2019-01-09,52165.47,53222.89,52165.47,53222.89,53222.89,,Yahoo Finance (^J203.JO); 31-Dec-2020 verified from Yahoo table
2019-01-10,53222.89,53296.8,52798.75,53271.02,53271.02,,Yahoo Finance (^J203.JO); 31-Dec-2020 verified from Yahoo table
2019-01-11,53271.02,53932.13,53271.02,53653.38,53653.38,,Yahoo Finance (^J203.JO); 31-Dec-2020 verified from Yahoo table
2019-01-14,53653.38,53653.38,53010.62,53485.59,53485.59,,Yahoo Finance (^J203.JO); 31-Dec-2020 verified from Yahoo table
2019-01-15,53485.59,53811.28,53225.86,53533.54,53533.54,,Yahoo Finance (^J203.JO); 31-Dec-2020 verified from Yahoo table
2019-01-16,53533.54,53786.74,53400.54,53786.74,53786.74,,Yahoo Finance (^J203.JO); 31-Dec-2020 verified from Yahoo table
2019-01-17,53786.74,53814.19,53115.97,53436.21,53436.21,,Yahoo Finance (^J203.JO); 31-Dec-2020 verified from Yahoo table
2019-01-18,53436.21,53992.65,53436.21,53731.5,53731.5,,Yahoo Finance (^J203.JO); 31-Dec-2020 verified from Yahoo table
2019-01-21,53731.5,54238.08,53731.5,54139.05,54139.05,,Yahoo Finance (^J203.JO); 31-Dec-2020 verified from Yahoo table
2019-01-22,54139.05,54139.05,53662.67,54078.37,54078.37,,Yahoo Finance (^J203.JO); 31-Dec-2020 verified from Yahoo table
2019-01-23,54078.37,54078.37,53719.94,53915.15,53915.15,,Yahoo Finance (^J203.JO); 31-Dec-2020 verified from Yahoo table
2019-01-24,53915.15,53915.15,53435.34,53639.09,53639.09,,Yahoo Finance (^J203.JO); 31-Dec-2020 verified from Yahoo table
2019-01-25,53639.09,54221.69,53639.09,54050.23,54050.23,,Yahoo Finance (^J203.JO); 31-Dec-2020 verified from Yahoo table
2019-01-28,54050.23,54173.38,53767.47,53767.47,53767.47,,Yahoo Finance (^J203.JO); 31-Dec-2020 verified from Yahoo table
2019-01-29,53767.47,54504.57,53767.47,54387.7,54387.7,,Yahoo Finance (^J203.JO); 31-Dec-2020 verified from Yahoo table
2019-01-30,54387.7,54426.95,53999.96,54131.67,54131.67,,Yahoo Finance (^J203.JO); 31-Dec-2020 verified from Yahoo table
2019-01-31,54131.67,54492.73,54100.55,54156.75,54156.75,,Yahoo Finance (^J203.JO); 31-Dec-2020 verified from Yahoo table
2019-02-01,54156.75,54242.42,53733.59,53930.14,53930.14,,Yahoo Finance (^J203.JO); 31-Dec-2020 verified from Yahoo table
2019-02-04,53930.14,54237.03,53391.83,53391.83,53391.83,,Yahoo Finance (^J203.JO); 31-Dec-2020 verified from Yahoo table
2019-02-05,53391.83,54209.41,53391.83,54209.41,54209.41,,Yahoo Finance (^J203.JO); 31-Dec-2020 verified from Yahoo table
2019-02-06,54209.41,54732.45,54209.41,54574.28,54574.28,,Yahoo Finance (^J203.JO); 31-Dec-2020 verified from Yahoo table
2019-02-07,54574.28,54574.28,53631.81,53888.85,53888.85,,Yahoo Finance (^J203.JO); 31-Dec-2020 verified from Yahoo table
2019-02-08,53888.85,54011.46,53244.18,53244.18,53244.18,,Yahoo Finance (^J203.JO); 31-Dec-2020 verified from Yahoo table
2019-02-11,53244.18,53783.03,53244.18,53409.14,53409.14,,Yahoo Finance (^J203.JO); 31-Dec-2020 verified from Yahoo table
2019-02-12,53409.14,54050.76,53409.14,53960.51,53960.51,,Yahoo Finance (^J203.JO); 31-Dec-2020 verified from Yahoo table
2019-02-13,53960.51,54639.06,53781.38,54543.22,54543.22,,Yahoo Finance (^J203.JO); 31-Dec-2020 verified from Yahoo table
2019-02-14,54543.22,54964.88,54372.01,54527.11,54527.11,,Yahoo Finance (^J203.JO); 31-Dec-2020 verified from Yahoo table
2019-02-15,54527.11,54660.03,53974.83,54628.41,54628.41,,Yahoo Finance (^J203.JO); 31-Dec-2020 verified from Yahoo table
2019-02-18,54628.41,55307.7,54628.41,55259.98,55259.98,,Yahoo Finance (^J203.JO); 31-Dec-2020 verified from Yahoo table
2019-02-19,55259.98,55489.59,54900.28,55194.62,55194.62,,Yahoo Finance (^J203.JO); 31-Dec-2020 verified from Yahoo table
2019-02-20,55194.62,56039.23,55188.93,55691.58,55691.58,,Yahoo Finance (^J203.JO); 31-Dec-2020 verified from Yahoo table
2019-02-21,55691.58,55839.19,55483.79,55483.79,55483.79,,Yahoo Finance (^J203.JO); 31-Dec-2020 verified from Yahoo table
2019-02-22,55483.79,56170.03,55483.79,55992.97,55992.97,,Yahoo Finance (^J203.JO); 31-Dec-2020 verified from Yahoo table
2019-02-25,55992.97,56327.88,55878.2,55878.2,55878.2,,Yahoo Finance (^J203.JO); 31-Dec-2020 verified from Yahoo table
2019-02-26,55878.2,56242.8,55657.86,56242.8,56242.8,,Yahoo Finance (^J203.JO); 31-Dec-2020 verified from Yahoo table
2019-02-27,56242.8,56688.63,56109.73,56297.95,56297.95,,Yahoo Finance (^J203.JO); 31-Dec-2020 verified from Yahoo table
2019-02-28,56297.95,56297.95,55828.79,56002.08,56002.08,,Yahoo Finance (^J203.JO); 31-Dec-2020 verified from Yahoo table
2019-03-01,56002.08,56526.84,56002.08,56203.11,56203.11,,Yahoo Finance (^J203.JO); 31-Dec-2020 verified from Yahoo table
2019-03-04,56203.11,56847.12,56198.85,56217.13,56217.13,,Yahoo Finance (^J203.JO); 31-Dec-2020 verified from Yahoo table
2019-03-05,56217.13,56541.5,55761.64,55815.43,55815.43,,Yahoo Finance (^J203.JO); 31-Dec-2020 verified from Yahoo table
2019-03-06,55815.43,56376.59,55815.43,56073.86,56073.86,,Yahoo Finance (^J203.JO); 31-Dec-2020 verified from Yahoo table
2019-03-07,56073.86,56073.86,55712.84,55857.89,55857.89,,Yahoo Finance (^J203.JO); 31-Dec-2020 verified from Yahoo table
2019-03-08,55857.89,55857.89,55401.51,55488.79,55488.79,,Yahoo Finance (^J203.JO); 31-Dec-2020 verified from Yahoo table
2019-03-11,55488.79,55932.83,55398.06,55580.65,55580.65,,Yahoo Finance (^J203.JO); 31-Dec-2020 verified from Yahoo table
2019-03-12,55580.65,55987.31,55245.88,55699.8,55699.8,,Yahoo Finance (^J203.JO); 31-Dec-2020 verified from Yahoo table
2019-03-13,55699.8,55932.68,55539.54,55829.1,55829.1,,Yahoo Finance (^J203.JO); 31-Dec-2020 verified from Yahoo table
2019-03-14,55829.1,56092.79,55595.8,55789.45,55789.45,,Yahoo Finance (^J203.JO); 31-Dec-2020 verified from Yahoo table
2019-03-15,55789.45,56380.57,55789.45,56040.21,56040.21,,Yahoo Finance (^J203.JO); 31-Dec-2020 verified from Yahoo table
2019-03-18,56040.21,56869.14,56040.21,56769.86,56769.86,,Yahoo Finance (^J203.JO); 31-Dec-2020 verified from Yahoo table
2019-03-19,56769.86,57138.36,56643.61,56849.67,56849.67,,Yahoo Finance (^J203.JO); 31-Dec-2020 verified from Yahoo table
2019-03-20,56849.67,56849.67,56145.67,56145.67,56145.67,,Yahoo Finance (^J203.JO); 31-Dec-2020 verified from Yahoo table
2019-03-22,56145.67,56433.37,55846.66,56107.48,56107.48,,Yahoo Finance (^J203.JO); 31-Dec-2020 verified from Yahoo table
2019-03-25,56107.48,56107.48,55144.23,55367.11,55367.11,,Yahoo Finance (^J203.JO); 31-Dec-2020 verified from Yahoo table
2019-03-26,55367.11,55707.52,55187.05,55638.43,55638.43,,Yahoo Finance (^J203.JO); 31-Dec-2020 verified from Yahoo table
2019-03-27,55638.43,56576.26,55638.43,56149.3,56149.3,,Yahoo Finance (^J203.JO); 31-Dec-2020 verified from Yahoo table
2019-03-28,56149.3,56343.47,56051.98,56059.5,56059.5,,Yahoo Finance (^J203.JO); 31-Dec-2020 verified from Yahoo table
2019-03-29,56059.5,56578.89,56059.5,56462.55,56462.55,,Yahoo Finance (^J203.JO); 31-Dec-2020 verified from Yahoo table
2019-04-01,56462.55,57317.76,56462.55,57109.64,57109.64,,Yahoo Finance (^J203.JO); 31-Dec-2020 verified from Yahoo table
2019-04-02,57109.64,57238.27,56856.8,57158.0,57158.0,,Yahoo Finance (^J203.JO); 31-Dec-2020 verified from Yahoo table
2019-04-03,57158.0,58056.55,57158.0,57926.01,57926.01,,Yahoo Finance (^J203.JO); 31-Dec-2020 verified from Yahoo table
2019-04-04,57926.01,57926.01,57659.01,57711.02,57711.02,,Yahoo Finance (^J203.JO); 31-Dec-2020 verified from Yahoo table
2019-04-05,57711.02,57978.7,57711.02,57776.36,57776.36,,Yahoo Finance (^J203.JO); 31-Dec-2020 verified from Yahoo table
2019-04-08,57776.36,58101.73,57765.02,57985.78,57985.78,,Yahoo Finance (^J203.JO); 31-Dec-2020 verified from Yahoo table
2019-04-09,57985.78,58164.01,57838.37,57838.37,57838.37,,Yahoo Finance (^J203.JO); 31-Dec-2020 verified from Yahoo table
2019-04-10,57838.37,58411.65,57838.37,58411.65,58411.65,,Yahoo Finance (^J203.JO); 31-Dec-2020 verified from Yahoo table
2019-04-11,58411.65,58453.93,57887.97,58186.19,58186.19,,Yahoo Finance (^J203.JO); 31-Dec-2020 verified from Yahoo table
2019-04-12,58186.19,58520.26,58069.29,58405.3,58405.3,,Yahoo Finance (^J203.JO); 31-Dec-2020 verified from Yahoo table
2019-04-15,58405.3,58405.3,58068.2,58249.35,58249.35,,Yahoo Finance (^J203.JO); 31-Dec-2020 verified from Yahoo table
2019-04-16,58249.35,58943.97,58249.35,58902.64,58902.64,,Yahoo Finance (^J203.JO); 31-Dec-2020 verified from Yahoo table
2019-04-17,58902.64,58951.93,58532.59,58908.31,58908.31,,Yahoo Finance (^J203.JO); 31-Dec-2020 verified from Yahoo table
2019-04-18,58908.31,59222.47,58643.45,59222.47,59222.47,,Yahoo Finance (^J203.JO); 31-Dec-2020 verified from Yahoo table
2019-04-23,59222.47,59544.8,59039.32,59544.8,59544.8,,Yahoo Finance (^J203.JO); 31-Dec-2020 verified from Yahoo table
2019-04-24,59544.8,59544.8,58785.18,59102.68,59102.68,,Yahoo Finance (^J203.JO); 31-Dec-2020 verified from Yahoo table
2019-04-25,59102.68,59102.68,58651.56,58807.07,58807.07,,Yahoo Finance (^J203.JO); 31-Dec-2020 verified from Yahoo table
2019-04-26,58807.07,58894.19,58505.49,58894.19,58894.19,,Yahoo Finance (^J203.JO); 31-Dec-2020 verified from Yahoo table
2019-04-29,58894.19,59012.08,58561.58,58662.68,58662.68,,Yahoo Finance (^J203.JO); 31-Dec-2020 verified from Yahoo table
2019-04-30,58662.68,58873.97,58476.51,58528.4,58528.4,,Yahoo Finance (^J203.JO); 31-Dec-2020 verified from Yahoo table
2019-05-02,58528.4,58804.27,58527.12,58743.56,58743.56,,Yahoo Finance (^J203.JO); 31-Dec-2020 verified from Yahoo table
2019-05-03,58743.56,59365.04,58743.56,59335.9,59335.9,,Yahoo Finance (^J203.JO); 31-Dec-2020 verified from Yahoo table
2019-05-06,59335.9,59335.9,58110.95,58712.83,58712.83,,Yahoo Finance (^J203.JO); 31-Dec-2020 verified from Yahoo table
2019-05-07,58712.83,58973.58,58043.6,58043.6,58043.6,,Yahoo Finance (^J203.JO); 31-Dec-2020 verified from Yahoo table
2019-05-09,58043.6,58043.6,56496.08,56496.08,56496.08,,Yahoo Finance (^J203.JO); 31-Dec-2020 verified from Yahoo table
2019-05-10,56496.08,57458.08,56496.08,56780.75,56780.75,,Yahoo Finance (^J203.JO); 31-Dec-2020 verified from Yahoo table
2019-05-13,56780.75,57120.99,56202.55,56373.68,56373.68,,Yahoo Finance (^J203.JO); 31-Dec-2020 verified from Yahoo table
2019-05-14,56373.68,56740.87,56234.28,56234.28,56234.28,,Yahoo Finance (^J203.JO); 31-Dec-2020 verified from Yahoo table
2019-05-15,56234.28,56669.18,55373.79,56043.21,56043.21,,Yahoo Finance (^J203.JO); 31-Dec-2020 verified from Yahoo table
2019-05-16,56043.21,56636.63,55957.46,56537.72,56537.72,,Yahoo Finance (^J203.JO); 31-Dec-2020 verified from Yahoo table
2019-05-17,56537.72,56537.72,55965.03,56183.21,56183.21,,Yahoo Finance (^J203.JO); 31-Dec-2020 verified from Yahoo table
2019-05-20,56183.21,56183.21,55454.79,55616.97,55616.97,,Yahoo Finance (^J203.JO); 31-Dec-2020 verified from Yahoo table
2019-05-21,55616.97,55945.1,55439.56,55523.95,55523.95,,Yahoo Finance (^J203.JO); 31-Dec-2020 verified from Yahoo table
2019-05-22,55523.95,55600.48,55223.05,55231.05,55231.05,,Yahoo Finance (^J203.JO); 31-Dec-2020 verified from Yahoo table
2019-05-23,55231.05,55231.05,54107.18,54271.24,54271.24,,Yahoo Finance (^J203.JO); 31-Dec-2020 verified from Yahoo table
2019-05-24,54271.24,54772.3,54271.24,54423.56,54423.56,,Yahoo Finance (^J203.JO); 31-Dec-2020 verified from Yahoo table
2019-05-27,54423.56,54748.75,54347.47,54488.15,54488.15,,Yahoo Finance (^J203.JO); 31-Dec-2020 verified from Yahoo table
2019-05-28,54488.15,54791.44,54313.72,54431.63,54431.63,,Yahoo Finance (^J203.JO); 31-Dec-2020 verified from Yahoo table
2019-05-29,54431.63,55075.82,54263.52,54997.34,54997.34,,Yahoo Finance (^J203.JO); 31-Dec-2020 verified from Yahoo table
2019-05-30,54997.34,55774.52,54997.34,55700.59,55700.59,,Yahoo Finance (^J203.JO); 31-Dec-2020 verified from Yahoo table
2019-05-31,55700.59,55700.59,55169.79,55650.41,55650.41,,Yahoo Finance (^J203.JO); 31-Dec-2020 verified from Yahoo table
2019-06-03,55650.41,56286.31,55650.41,56286.31,56286.31,,Yahoo Finance (^J203.JO); 31-Dec-2020 verified from Yahoo table
2019-06-04,56286.31,56562.73,55723.76,56500.38,56500.38,,Yahoo Finance (^J203.JO); 31-Dec-2020 verified from Yahoo table
2019-06-05,56500.38,57305.53,56500.38,57073.38,57073.38,,Yahoo Finance (^J203.JO); 31-Dec-2020 verified from Yahoo table
2019-06-06,57073.38,57360.96,56953.27,57090.53,57090.53,,Yahoo Finance (^J203.JO); 31-Dec-2020 verified from Yahoo table
2019-06-07,57090.53,58234.77,57090.53,58099.84,58099.84,,Yahoo Finance (^J203.JO); 31-Dec-2020 verified from Yahoo table
2019-06-10,58099.84,58626.0,58099.84,58481.05,58481.05,,Yahoo Finance (^J203.JO); 31-Dec-2020 verified from Yahoo table
2019-06-11,58481.05,58925.05,58481.05,58767.63,58767.63,,Yahoo Finance (^J203.JO); 31-Dec-2020 verified from Yahoo table
2019-06-12,58767.63,58793.12,58360.89,58710.55,58710.55,,Yahoo Finance (^J203.JO); 31-Dec-2020 verified from Yahoo table
2019-06-13,58710.55,59001.93,58516.18,58697.63,58697.63,,Yahoo Finance (^J203.JO); 31-Dec-2020 verified from Yahoo table
2019-06-14,58697.63,58809.76,57969.77,58193.78,58193.78,,Yahoo Finance (^J203.JO); 31-Dec-2020 verified from Yahoo table
2019-06-18,58193.78,58748.15,58193.78,58629.09,58629.09,,Yahoo Finance (^J203.JO); 31-Dec-2020 verified from Yahoo table
2019-06-19,58629.09,59117.93,58526.37,58564.72,58564.72,,Yahoo Finance (^J203.JO); 31-Dec-2020 verified from Yahoo table
2019-06-20,58564.72,59128.47,58564.72,58973.62,58973.62,,Yahoo Finance (^J203.JO); 31-Dec-2020 verified from Yahoo table
2019-06-21,58973.62,59181.23,58698.36,58941.47,58941.47,,Yahoo Finance (^J203.JO); 31-Dec-2020 verified from Yahoo table
2019-06-24,58941.47,59273.23,58523.56,58756.01,58756.01,,Yahoo Finance (^J203.JO); 31-Dec-2020 verified from Yahoo table
2019-06-25,58756.01,58758.02,58246.54,58343.23,58343.23,,Yahoo Finance (^J203.JO); 31-Dec-2020 verified from Yahoo table
2019-06-26,58343.23,58579.08,58261.82,58421.72,58421.72,,Yahoo Finance (^J203.JO); 31-Dec-2020 verified from Yahoo table
2019-06-27,58421.72,58746.81,58066.65,58066.65,58066.65,,Yahoo Finance (^J203.JO); 31-Dec-2020 verified from Yahoo table
2019-06-28,58066.65,58264.28,57999.5,58203.84,58203.84,,Yahoo Finance (^J203.JO); 31-Dec-2020 verified from Yahoo table
2019-07-01,58203.84,58987.52,58203.84,58472.52,58472.52,,Yahoo Finance (^J203.JO); 31-Dec-2020 verified from Yahoo table
2019-07-02,58472.52,58668.84,57994.92,58092.48,58092.48,,Yahoo Finance (^J203.JO); 31-Dec-2020 verified from Yahoo table
2019-07-03,58092.48,58216.15,57917.5,58012.18,58012.18,,Yahoo Finance (^J203.JO); 31-Dec-2020 verified from Yahoo table
2019-07-04,58012.18,58092.56,57607.91,57829.47,57829.47,,Yahoo Finance (^J203.JO); 31-Dec-2020 verified from Yahoo table
2019-07-05,57829.47,57829.47,57500.91,57589.82,57589.82,,Yahoo Finance (^J203.JO); 31-Dec-2020 verified from Yahoo table
2019-07-08,57589.82,57794.26,57402.14,57731.4,57731.4,,Yahoo Finance (^J203.JO); 31-Dec-2020 verified from Yahoo table
2019-07-09,57731.4,57731.4,56923.85,56963.8,56963.8,,Yahoo Finance (^J203.JO); 31-Dec-2020 verified from Yahoo table
2019-07-10,56963.8,57852.61,56963.8,57597.87,57597.87,,Yahoo Finance (^J203.JO); 31-Dec-2020 verified from Yahoo table
2019-07-11,57597.87,58033.39,57132.06,57273.14,57273.14,,Yahoo Finance (^J203.JO); 31-Dec-2020 verified from Yahoo table
2019-07-12,57273.14,57548.25,57162.23,57277.35,57277.35,,Yahoo Finance (^J203.JO); 31-Dec-2020 verified from Yahoo table
2019-07-15,57277.35,57537.23,57038.02,57537.23,57537.23,,Yahoo Finance (^J203.JO); 31-Dec-2020 verified from Yahoo table
2019-07-16,57537.23,58052.72,57394.1,58052.72,58052.72,,Yahoo Finance (^J203.JO); 31-Dec-2020 verified from Yahoo table
2019-07-17,58052.72,58067.96,57560.61,57636.01,57636.01,,Yahoo Finance (^J203.JO); 31-Dec-2020 verified from Yahoo table
2019-07-18,57636.01,58019.06,57292.2,57872.53,57872.53,,Yahoo Finance (^J203.JO); 31-Dec-2020 verified from Yahoo table
2019-07-19,57872.53,58554.01,57872.53,58248.73,58248.73,,Yahoo Finance (^J203.JO); 31-Dec-2020 verified from Yahoo table
2019-07-22,58248.73,58253.42,57805.42,58015.09,58015.09,,Yahoo Finance (^J203.JO); 31-Dec-2020 verified from Yahoo table
2019-07-23,58015.09,58528.12,58015.09,58309.59,58309.59,,Yahoo Finance (^J203.JO); 31-Dec-2020 verified from Yahoo table
2019-07-24,58309.59,58344.21,57625.42,57718.1,57718.1,,Yahoo Finance (^J203.JO); 31-Dec-2020 verified from Yahoo table
2019-07-25,57718.1,58287.31,57413.02,57662.89,57662.89,,Yahoo Finance (^J203.JO); 31-Dec-2020 verified from Yahoo table
2019-07-26,57662.89,57736.51,57415.71,57570.54,57570.54,,Yahoo Finance (^J203.JO); 31-Dec-2020 verified from Yahoo table
2019-07-29,57570.54,58062.0,57570.54,58034.77,58034.77,,Yahoo Finance (^J203.JO); 31-Dec-2020 verified from Yahoo table
2019-07-30,58034.77,58159.07,57081.11,57241.55,57241.55,,Yahoo Finance (^J203.JO); 31-Dec-2020 verified from Yahoo table
2019-07-31,57241.55,57241.55,56784.61,56784.61,56784.61,,Yahoo Finance (^J203.JO); 31-Dec-2020 verified from Yahoo table
2019-08-01,56784.61,57223.61,56218.7,57223.61,57223.61,,Yahoo Finance (^J203.JO); 31-Dec-2020 verified from Yahoo table
2019-08-02,57223.61,57223.61,55893.37,56273.92,56273.92,,Yahoo Finance (^J203.JO); 31-Dec-2020 verified from Yahoo table
2019-08-05,56273.92,56273.92,54855.46,54975.38,54975.38,,Yahoo Finance (^J203.JO); 31-Dec-2020 verified from Yahoo table
2019-08-06,54975.38,55516.47,54954.93,55062.01,55062.01,,Yahoo Finance (^J203.JO); 31-Dec-2020 verified from Yahoo table
2019-08-07,55062.01,55451.65,55002.95,55225.32,55225.32,,Yahoo Finance (^J203.JO); 31-Dec-2020 verified from Yahoo table
2019-08-08,55225.32,55870.62,55225.32,55535.24,55535.24,,Yahoo Finance (^J203.JO); 31-Dec-2020 verified from Yahoo table
2019-08-12,55535.24,56091.76,55273.76,55371.53,55371.53,,Yahoo Finance (^J203.JO); 31-Dec-2020 verified from Yahoo table
2019-08-13,55371.53,55371.53,54840.95,55191.97,55191.97,,Yahoo Finance (^J203.JO); 31-Dec-2020 verified from Yahoo table
2019-08-14,55191.97,55191.97,53924.14,54029.43,54029.43,,Yahoo Finance (^J203.JO); 31-Dec-2020 verified from Yahoo table
2019-08-15,54029.43,54256.6,53260.47,53840.93,53840.93,,Yahoo Finance (^J203.JO); 31-Dec-2020 verified from Yahoo table
2019-08-16,53840.93,53885.34,53477.3,53874.52,53874.52,,Yahoo Finance (^J203.JO); 31-Dec-2020 verified from Yahoo table
2019-08-19,53874.52,54628.68,53874.52,54386.31,54386.31,,Yahoo Finance (^J203.JO); 31-Dec-2020 verified from Yahoo table
2019-08-20,54386.31,54623.75,54114.61,54280.8,54280.8,,Yahoo Finance (^J203.JO); 31-Dec-2020 verified from Yahoo table
2019-08-21,54280.8,54674.68,54079.12,54638.03,54638.03,,Yahoo Finance (^J203.JO); 31-Dec-2020 verified from Yahoo table
2019-08-22,54638.03,54711.87,54049.25,54187.93,54187.93,,Yahoo Finance (^J203.JO); 31-Dec-2020 verified from Yahoo table
2019-08-23,54187.93,54387.01,53756.4,53995.82,53995.82,,Yahoo Finance (^J203.JO); 31-Dec-2020 verified from Yahoo table
2019-08-26,53995.82,54084.55,53448.4,53811.89,53811.89,,Yahoo Finance (^J203.JO); 31-Dec-2020 verified from Yahoo table
2019-08-27,53811.89,53947.92,53529.16,53895.75,53895.75,,Yahoo Finance (^J203.JO); 31-Dec-2020 verified from Yahoo table
2019-08-28,53895.75,54255.62,53566.34,54255.62,54255.62,,Yahoo Finance (^J203.JO); 31-Dec-2020 verified from Yahoo table
2019-08-29,54255.62,54867.07,54212.87,54411.47,54411.47,,Yahoo Finance (^J203.JO); 31-Dec-2020 verified from Yahoo table
2019-08-30,54411.47,55305.44,54282.61,55259.57,55259.57,,Yahoo Finance (^J203.JO); 31-Dec-2020 verified from Yahoo table
2019-09-02,55259.57,55353.44,54785.18,54785.18,54785.18,,Yahoo Finance (^J203.JO); 31-Dec-2020 verified from Yahoo table
2019-09-03,54785.18,54804.74,54357.13,54742.07,54742.07,,Yahoo Finance (^J203.JO); 31-Dec-2020 verified from Yahoo table
2019-09-04,54742.07,55102.82,54644.34,54907.17,54907.17,,Yahoo Finance (^J203.JO); 31-Dec-2020 verified from Yahoo table
2019-09-05,54907.17,55738.48,54907.17,55476.36,55476.36,,Yahoo Finance (^J203.JO); 31-Dec-2020 verified from Yahoo table
2019-09-06,55476.36,55934.13,55335.73,55591.09,55591.09,,Yahoo Finance (^J203.JO); 31-Dec-2020 verified from Yahoo table
2019-09-09,55591.09,55771.08,55289.1,55523.07,55523.07,,Yahoo Finance (^J203.JO); 31-Dec-2020 verified from Yahoo table
2019-09-10,55523.07,55523.07,55003.8,55335.81,55335.81,,Yahoo Finance (^J203.JO); 31-Dec-2020 verified from Yahoo table
2019-09-11,55335.81,56243.78,54344.75,56243.78,56243.78,,Yahoo Finance (^J203.JO); 31-Dec-2020 verified from Yahoo table
2019-09-12,56243.78,57044.88,56243.78,56781.94,56781.94,,Yahoo Finance (^J203.JO); 31-Dec-2020 verified from Yahoo table
2019-09-13,56781.94,57387.72,56726.85,57123.78,57123.78,,Yahoo Finance (^J203.JO); 31-Dec-2020 verified from Yahoo table
2019-09-16,57123.78,57853.9,57123.78,57853.9,57853.9,,Yahoo Finance (^J203.JO); 31-Dec-2020 verified from Yahoo table
2019-09-17,57853.9,57853.9,56895.23,56895.23,56895.23,,Yahoo Finance (^J203.JO); 31-Dec-2020 verified from Yahoo table
2019-09-18,56895.23,56895.23,56029.8,56220.41,56220.41,,Yahoo Finance (^J203.JO); 31-Dec-2020 verified from Yahoo table
2019-09-19,56220.41,56226.96,55731.62,56123.83,56123.83,,Yahoo Finance (^J203.JO); 31-Dec-2020 verified from Yahoo table
2019-09-20,56123.83,56604.08,56123.83,56406.89,56406.89,,Yahoo Finance (^J203.JO); 31-Dec-2020 verified from Yahoo table
2019-09-23,56406.89,56434.74,55357.88,55622.8,55622.8,,Yahoo Finance (^J203.JO); 31-Dec-2020 verified from Yahoo table
2019-09-25,55622.8,55622.8,54623.08,54876.83,54876.83,,Yahoo Finance (^J203.JO); 31-Dec-2020 verified from Yahoo table
2019-09-26,54876.83,55628.7,54876.83,55271.38,55271.38,,Yahoo Finance (^J203.JO); 31-Dec-2020 verified from Yahoo table
2019-09-27,55271.38,55470.63,55057.74,55209.03,55209.03,,Yahoo Finance (^J203.JO); 31-Dec-2020 verified from Yahoo table
2019-09-30,55209.03,55270.18,54624.53,54824.97,54824.97,,Yahoo Finance (^J203.JO); 31-Dec-2020 verified from Yahoo table
2019-10-01,54824.97,55106.58,54691.5,54945.89,54945.89,,Yahoo Finance (^J203.JO); 31-Dec-2020 verified from Yahoo table
2019-10-02,54945.89,54945.89,53919.98,54003.82,54003.82,,Yahoo Finance (^J203.JO); 31-Dec-2020 verified from Yahoo table
2019-10-03,54003.82,54024.22,53537.69,53727.29,53727.29,,Yahoo Finance (^J203.JO); 31-Dec-2020 verified from Yahoo table
2019-10-04,53727.29,54121.82,53727.29,53993.87,53993.87,,Yahoo Finance (^J203.JO); 31-Dec-2020 verified from Yahoo table
2019-10-07,53993.87,54770.34,53960.03,54714.75,54714.75,,Yahoo Finance (^J203.JO); 31-Dec-2020 verified from Yahoo table
2019-10-08,54714.75,54797.38,54450.33,54532.68,54532.68,,Yahoo Finance (^J203.JO); 31-Dec-2020 verified from Yahoo table
2019-10-09,54532.68,54535.45,54205.18,54339.47,54339.47,,Yahoo Finance (^J203.JO); 31-Dec-2020 verified from Yahoo table
2019-10-10,54339.47,55122.56,54339.47,55071.77,55071.77,,Yahoo Finance (^J203.JO); 31-Dec-2020 verified from Yahoo table
2019-10-11,55071.77,55753.98,55071.77,55537.02,55537.02,,Yahoo Finance (^J203.JO); 31-Dec-2020 verified from Yahoo table
2019-10-14,55537.02,55672.71,54947.96,55219.21,55219.21,,Yahoo Finance (^J203.JO); 31-Dec-2020 verified from Yahoo table
2019-10-15,55219.21,55624.54,55219.21,55573.79,55573.79,,Yahoo Finance (^J203.JO); 31-Dec-2020 verified from Yahoo table
2019-10-16,55573.79,56125.37,55350.85,56090.51,56090.51,,Yahoo Finance (^J203.JO); 31-Dec-2020 verified from Yahoo table
2019-10-17,56090.51,56576.8,55933.75,55993.42,55993.42,,Yahoo Finance (^J203.JO); 31-Dec-2020 verified from Yahoo table
2019-10-18,55993.42,56076.72,55722.79,55722.79,55722.79,,Yahoo Finance (^J203.JO); 31-Dec-2020 verified from Yahoo table
2019-10-21,55722.79,56261.96,55630.26,56110.78,56110.78,,Yahoo Finance (^J203.JO); 31-Dec-2020 verified from Yahoo table
2019-10-22,56110.78,56254.39,55860.53,55936.83,55936.83,,Yahoo Finance (^J203.JO); 31-Dec-2020 verified from Yahoo table
2019-10-23,55936.83,55936.83,55361.79,55571.45,55571.45,,Yahoo Finance (^J203.JO); 31-Dec-2020 verified from Yahoo table
2019-10-24,55571.45,56069.49,55426.88,55478.45,55478.45,,Yahoo Finance (^J203.JO); 31-Dec-2020 verified from Yahoo table
2019-10-25,55478.45,55680.24,54983.53,55141.98,55141.98,,Yahoo Finance (^J203.JO); 31-Dec-2020 verified from Yahoo table
2019-10-28,55141.98,55933.03,55141.98,55761.98,55761.98,,Yahoo Finance (^J203.JO); 31-Dec-2020 verified from Yahoo table
2019-10-29,55761.98,55944.46,55399.35,55716.69,55716.69,,Yahoo Finance (^J203.JO); 31-Dec-2020 verified from Yahoo table
2019-10-30,55716.69,55925.49,54770.1,55872.6,55872.6,,Yahoo Finance (^J203.JO); 31-Dec-2020 verified from Yahoo table
2019-10-31,55872.6,56775.24,55872.6,56425.11,56425.11,,Yahoo Finance (^J203.JO); 31-Dec-2020 verified from Yahoo table
2019-11-01,56425.11,56744.15,56353.23,56650.01,56650.01,,Yahoo Finance (^J203.JO); 31-Dec-2020 verified from Yahoo table
2019-11-04,56650.01,56984.37,56650.01,56928.87,56928.87,,Yahoo Finance (^J203.JO); 31-Dec-2020 verified from Yahoo table
2019-11-05,56928.87,57420.34,56928.87,57246.91,57246.91,,Yahoo Finance (^J203.JO); 31-Dec-2020 verified from Yahoo table
2019-11-06,57246.91,57869.45,57126.08,57652.58,57652.58,,Yahoo Finance (^J203.JO); 31-Dec-2020 verified from Yahoo table
2019-11-07,57652.58,58018.12,57414.45,57483.0,57483.0,,Yahoo Finance (^J203.JO); 31-Dec-2020 verified from Yahoo table
2019-11-08,57483.0,57483.0,56498.96,56617.02,56617.02,,Yahoo Finance (^J203.JO); 31-Dec-2020 verified from Yahoo table
2019-11-11,56617.02,56617.02,55930.5,56174.93,56174.93,,Yahoo Finance (^J203.JO); 31-Dec-2020 verified from Yahoo table
2019-11-12,56174.93,56624.27,56174.93,56399.1,56399.1,,Yahoo Finance (^J203.JO); 31-Dec-2020 verified from Yahoo table
2019-11-13,56399.1,56417.96,55924.2,56338.33,56338.33,,Yahoo Finance (^J203.JO); 31-Dec-2020 verified from Yahoo table
2019-11-14,56338.33,56511.41,56161.54,56235.94,56235.94,,Yahoo Finance (^J203.JO); 31-Dec-2020 verified from Yahoo table
2019-11-15,56235.94,56466.05,56034.94,56054.77,56054.77,,Yahoo Finance (^J203.JO); 31-Dec-2020 verified from Yahoo table
2019-11-18,56054.77,56798.91,56054.77,56467.03,56467.03,,Yahoo Finance (^J203.JO); 31-Dec-2020 verified from Yahoo table
2019-11-19,56467.03,57382.79,56467.03,57372.55,57372.55,,Yahoo Finance (^J203.JO); 31-Dec-2020 verified from Yahoo table
2019-11-20,57372.55,57372.55,56904.18,57313.44,57313.44,,Yahoo Finance (^J203.JO); 31-Dec-2020 verified from Yahoo table
2019-11-21,57313.44,57313.44,56449.91,56540.25,56540.25,,Yahoo Finance (^J203.JO); 31-Dec-2020 verified from Yahoo table
2019-11-22,56540.25,56887.72,56311.72,56759.62,56759.62,,Yahoo Finance (^J203.JO); 31-Dec-2020 verified from Yahoo table
2019-11-25,56759.62,57068.02,56603.93,56747.88,56747.88,,Yahoo Finance (^J203.JO); 31-Dec-2020 verified from Yahoo table
2019-11-26,56747.88,56904.86,56053.38,56053.38,56053.38,,Yahoo Finance (^J203.JO); 31-Dec-2020 verified from Yahoo table
2019-11-27,56053.38,56606.56,56053.38,56173.86,56173.86,,Yahoo Finance (^J203.JO); 31-Dec-2020 verified from Yahoo table
2019-11-28,56173.86,56173.86,55702.45,55702.45,55702.45,,Yahoo Finance (^J203.JO); 31-Dec-2020 verified from Yahoo table
2019-11-29,55702.45,55702.45,55057.27,55349.01,55349.01,,Yahoo Finance (^J203.JO); 31-Dec-2020 verified from Yahoo table
2019-12-02,55349.01,55504.92,54740.61,54814.07,54814.07,,Yahoo Finance (^J203.JO); 31-Dec-2020 verified from Yahoo table
2019-12-03,54814.07,54814.07,54413.84,54485.41,54485.41,,Yahoo Finance (^J203.JO); 31-Dec-2020 verified from Yahoo table
2019-12-04,54485.41,55155.59,54429.97,55022.87,55022.87,,Yahoo Finance (^J203.JO); 31-Dec-2020 verified from Yahoo table
2019-12-05,55022.87,55180.87,54695.57,54779.76,54779.76,,Yahoo Finance (^J203.JO); 31-Dec-2020 verified from Yahoo table
2019-12-06,54779.76,55416.22,54779.76,55307.31,55307.31,,Yahoo Finance (^J203.JO); 31-Dec-2020 verified from Yahoo table
2019-12-09,55307.31,55515.19,55052.99,55269.2,55269.2,,Yahoo Finance (^J203.JO); 31-Dec-2020 verified from Yahoo table
2019-12-10,55269.2,55430.24,54632.05,55417.93,55417.93,,Yahoo Finance (^J203.JO); 31-Dec-2020 verified from Yahoo table
2019-12-11,55417.93,55766.45,55413.01,55766.45,55766.45,,Yahoo Finance (^J203.JO); 31-Dec-2020 verified from Yahoo table
2019-12-12,55766.45,56200.97,55730.4,55824.08,55824.08,,Yahoo Finance (^J203.JO); 31-Dec-2020 verified from Yahoo table
2019-12-13,55824.08,57128.31,55824.08,56749.12,56749.12,,Yahoo Finance (^J203.JO); 31-Dec-2020 verified from Yahoo table
2019-12-17,56749.12,57808.47,56749.12,57326.18,57326.18,,Yahoo Finance (^J203.JO); 31-Dec-2020 verified from Yahoo table
2019-12-18,57326.18,58022.35,57326.18,57767.81,57767.81,,Yahoo Finance (^J203.JO); 31-Dec-2020 verified from Yahoo table
2019-12-19,57767.81,58046.47,57439.36,57558.92,57558.92,,Yahoo Finance (^J203.JO); 31-Dec-2020 verified from Yahoo table
2019-12-20,57558.92,57756.75,57259.46,57411.21,57411.21,,Yahoo Finance (^J203.JO); 31-Dec-2020 verified from Yahoo table
2019-12-23,57411.21,57411.21,56802.91,57092.85,57092.85,,Yahoo Finance (^J203.JO); 31-Dec-2020 verified from Yahoo table
2019-12-24,57092.85,57250.47,56964.34,57244.87,57244.87,,Yahoo Finance (^J203.JO); 31-Dec-2020 verified from Yahoo table
2019-12-27,57244.87,57923.15,57244.87,57430.7,57430.7,,Yahoo Finance (^J203.JO); 31-Dec-2020 verified from Yahoo table
2019-12-30,57430.7,57717.85,57281.42,57703.56,57703.56,,Yahoo Finance (^J203.JO); 31-Dec-2020 verified from Yahoo table
2019-12-31,57703.56,57703.56,57084.1,57084.1,57084.1,,Yahoo Finance (^J203.JO); 31-Dec-2020 verified from Yahoo table
2020-01-02,57084.1,57932.18,57084.1,57718.0,57718.0,,Yahoo Finance (^J203.JO); 31-Dec-2020 verified from Yahoo table
2020-01-03,57718.0,57924.2,57419.75,57810.0,57810.0,,Yahoo Finance (^J203.JO); 31-Dec-2020 verified from Yahoo table
2020-01-06,57810.0,57810.0,57001.91,57195.35,57195.35,,Yahoo Finance (^J203.JO); 31-Dec-2020 verified from Yahoo table
2020-01-07,57195.35,57514.58,56939.81,57384.41,57384.41,,Yahoo Finance (^J203.JO); 31-Dec-2020 verified from Yahoo table
2020-01-08,57384.41,57411.77,57083.3,57322.33,57322.33,,Yahoo Finance (^J203.JO); 31-Dec-2020 verified from Yahoo table
2020-01-09,57322.33,57737.93,57026.21,57128.68,57128.68,,Yahoo Finance (^J203.JO); 31-Dec-2020 verified from Yahoo table
2020-01-10,57128.68,57514.58,57128.68,57484.84,57484.84,,Yahoo Finance (^J203.JO); 31-Dec-2020 verified from Yahoo table
2020-01-13,57484.84,57808.7,57367.06,57572.72,57572.72,,Yahoo Finance (^J203.JO); 31-Dec-2020 verified from Yahoo table
2020-01-14,57572.72,57967.13,57572.72,57967.13,57967.13,,Yahoo Finance (^J203.JO); 31-Dec-2020 verified from Yahoo table
2020-01-15,57967.13,58243.29,57724.33,58063.59,58063.59,,Yahoo Finance (^J203.JO); 31-Dec-2020 verified from Yahoo table
2020-01-16,58063.59,58328.9,57897.94,58217.43,58217.43,,Yahoo Finance (^J203.JO); 31-Dec-2020 verified from Yahoo table
2020-01-17,58217.43,59098.56,58217.43,59001.87,59001.87,,Yahoo Finance (^J203.JO); 31-Dec-2020 verified from Yahoo table
2020-01-20,59001.87,59104.61,58809.06,58850.41,58850.41,,Yahoo Finance (^J203.JO); 31-Dec-2020 verified from Yahoo table
2020-01-21,58850.41,58850.41,57633.44,57976.39,57976.39,,Yahoo Finance (^J203.JO); 31-Dec-2020 verified from Yahoo table
2020-01-22,57976.39,58399.67,57897.75,57918.89,57918.89,,Yahoo Finance (^J203.JO); 31-Dec-2020 verified from Yahoo table
2020-01-23,57918.89,57918.89,56867.91,56894.67,56894.67,,Yahoo Finance (^J203.JO); 31-Dec-2020 verified from Yahoo table
2020-01-24,56894.67,57350.51,56894.67,57261.04,57261.04,,Yahoo Finance (^J203.JO); 31-Dec-2020 verified from Yahoo table
2020-01-27,57261.04,57261.04,55772.87,55902.94,55902.94,,Yahoo Finance (^J203.JO); 31-Dec-2020 verified from Yahoo table
2020-01-28,55902.94,56076.08,55529.33,55748.24,55748.24,,Yahoo Finance (^J203.JO); 31-Dec-2020 verified from Yahoo table
2020-01-29,55748.24,56637.55,55748.24,56370.72,56370.72,,Yahoo Finance (^J203.JO); 31-Dec-2020 verified from Yahoo table
2020-01-30,56370.72,56618.28,55656.57,56590.93,56590.93,,Yahoo Finance (^J203.JO); 31-Dec-2020 verified from Yahoo table
2020-01-31,56590.93,56590.93,55932.89,56079.54,56079.54,,Yahoo Finance (^J203.JO); 31-Dec-2020 verified from Yahoo table
2020-02-03,56079.54,56195.65,55772.41,55828.49,55828.49,,Yahoo Finance (^J203.JO); 31-Dec-2020 verified from Yahoo table
2020-02-04,55828.49,56893.23,55828.49,56817.03,56817.03,,Yahoo Finance (^J203.JO); 31-Dec-2020 verified from Yahoo table
2020-02-05,56817.03,57532.53,56799.09,57426.2,57426.2,,Yahoo Finance (^J203.JO); 31-Dec-2020 verified from Yahoo table
2020-02-06,57426.2,57848.74,57426.2,57531.49,57531.49,,Yahoo Finance (^J203.JO); 31-Dec-2020 verified from Yahoo table
2020-02-07,57531.49,57661.96,57065.26,57276.49,57276.49,,Yahoo Finance (^J203.JO); 31-Dec-2020 verified from Yahoo table
2020-02-10,57276.49,57276.49,56793.69,56847.74,56847.74,,Yahoo Finance (^J203.JO); 31-Dec-2020 verified from Yahoo table
2020-02-11,56847.74,57323.73,56753.77,56981.2,56981.2,,Yahoo Finance (^J203.JO); 31-Dec-2020 verified from Yahoo table
2020-02-12,56981.2,57964.56,56885.58,57744.13,57744.13,,Yahoo Finance (^J203.JO); 31-Dec-2020 verified from Yahoo table
2020-02-13,57744.13,58195.12,57583.81,57835.69,57835.69,,Yahoo Finance (^J203.JO); 31-Dec-2020 verified from Yahoo table
2020-02-14,57835.69,57992.3,57590.01,57861.76,57861.76,,Yahoo Finance (^J203.JO); 31-Dec-2020 verified from Yahoo table
2020-02-17,57861.76,58270.72,57861.76,58187.96,58187.96,,Yahoo Finance (^J203.JO); 31-Dec-2020 verified from Yahoo table
2020-02-18,58187.96,58187.96,57483.61,57714.66,57714.66,,Yahoo Finance (^J203.JO); 31-Dec-2020 verified from Yahoo table
2020-02-19,57714.66,58017.5,57714.66,57940.97,57940.97,,Yahoo Finance (^J203.JO); 31-Dec-2020 verified from Yahoo table
2020-02-20,57940.97,58270.49,57739.2,57793.03,57793.03,,Yahoo Finance (^J203.JO); 31-Dec-2020 verified from Yahoo table
2020-02-21,57793.03,57793.03,56878.16,57336.21,57336.21,,Yahoo Finance (^J203.JO); 31-Dec-2020 verified from Yahoo table
2020-02-24,57336.21,57336.21,54725.19,54881.56,54881.56,,Yahoo Finance (^J203.JO); 31-Dec-2020 verified from Yahoo table
2020-02-25,54881.56,55496.51,54697.96,54809.51,54809.51,,Yahoo Finance (^J203.JO); 31-Dec-2020 verified from Yahoo table
2020-02-26,54809.51,55254.92,53643.21,55047.2,55047.2,,Yahoo Finance (^J203.JO); 31-Dec-2020 verified from Yahoo table
2020-02-27,55047.2,55047.2,53420.58,53444.83,53444.83,,Yahoo Finance (^J203.JO); 31-Dec-2020 verified from Yahoo table
2020-02-28,53444.83,53444.83,50875.08,51038.18,51038.18,,Yahoo Finance (^J203.JO); 31-Dec-2020 verified from Yahoo table
2020-03-02,51038.18,52989.69,51038.18,51840.09,51840.09,,Yahoo Finance (^J203.JO); 31-Dec-2020 verified from Yahoo table
2020-03-03,51840.09,53379.42,51840.09,52957.85,52957.85,,Yahoo Finance (^J203.JO); 31-Dec-2020 verified from Yahoo table
2020-03-04,52957.85,53380.81,52726.05,52926.75,52926.75,,Yahoo Finance (^J203.JO); 31-Dec-2020 verified from Yahoo table
2020-03-05,52926.75,53733.79,52677.14,52936.27,52936.27,,Yahoo Finance (^J203.JO); 31-Dec-2020 verified from Yahoo table
2020-03-06,52936.27,52936.27,51506.05,52064.72,52064.72,,Yahoo Finance (^J203.JO); 31-Dec-2020 verified from Yahoo table
2020-03-09,52064.72,52064.72,48588.67,48819.55,48819.55,,Yahoo Finance (^J203.JO); 31-Dec-2020 verified from Yahoo table
2020-03-10,48819.55,50533.83,48819.55,49466.01,49466.01,,Yahoo Finance (^J203.JO); 31-Dec-2020 verified from Yahoo table
2020-03-11,49466.01,50079.01,48936.28,49074.09,49074.09,,Yahoo Finance (^J203.JO); 31-Dec-2020 verified from Yahoo table
2020-03-12,49074.09,49074.09,44078.6,44303.47,44303.47,,Yahoo Finance (^J203.JO); 31-Dec-2020 verified from Yahoo table
2020-03-13,44303.47,45864.16,44069.1,44177.63,44177.63,,Yahoo Finance (^J203.JO); 31-Dec-2020 verified from Yahoo table
2020-03-16,44177.63,44177.63,38784.34,40500.23,40500.23,,Yahoo Finance (^J203.JO); 31-Dec-2020 verified from Yahoo table
2020-03-17,40500.23,41932.24,40390.38,41579.58,41579.58,,Yahoo Finance (^J203.JO); 31-Dec-2020 verified from Yahoo table
2020-03-18,41579.58,41579.58,38145.51,38604.88,38604.88,,Yahoo Finance (^J203.JO); 31-Dec-2020 verified from Yahoo table
2020-03-19,38604.88,39145.18,37177.92,37963.01,37963.01,,Yahoo Finance (^J203.JO); 31-Dec-2020 verified from Yahoo table
2020-03-20,37963.01,41195.52,37963.01,40272.0,40272.0,,Yahoo Finance (^J203.JO); 31-Dec-2020 verified from Yahoo table
2020-03-23,40272.0,40272.0,37461.68,38267.21,38267.21,,Yahoo Finance (^J203.JO); 31-Dec-2020 verified from Yahoo table
2020-03-24,38267.21,41168.39,38267.21,41149.35,41149.35,,Yahoo Finance (^J203.JO); 31-Dec-2020 verified from Yahoo table
2020-03-25,41149.35,44206.33,41149.35,43278.25,43278.25,,Yahoo Finance (^J203.JO); 31-Dec-2020 verified from Yahoo table
2020-03-26,43278.25,45391.38,43044.95,45046.35,45046.35,,Yahoo Finance (^J203.JO); 31-Dec-2020 verified from Yahoo table
2020-03-27,45046.35,45046.35,42644.66,42946.83,42946.83,,Yahoo Finance (^J203.JO); 31-Dec-2020 verified from Yahoo table
2020-03-30,42946.83,43989.92,42714.2,43413.63,43413.63,,Yahoo Finance (^J203.JO); 31-Dec-2020 verified from Yahoo table
2020-03-31,43413.63,44572.29,43413.63,44490.31,44490.31,,Yahoo Finance (^J203.JO); 31-Dec-2020 verified from Yahoo table
2020-04-01,44490.31,44490.31,42947.12,43732.44,43732.44,,Yahoo Finance (^J203.JO); 31-Dec-2020 verified from Yahoo table
2020-04-02,43732.44,45370.92,43732.44,45060.69,45060.69,,Yahoo Finance (^J203.JO); 31-Dec-2020 verified from Yahoo table
2020-04-03,45060.69,45060.69,44142.39,44598.7,44598.7,,Yahoo Finance (^J203.JO); 31-Dec-2020 verified from Yahoo table
2020-04-06,44598.7,46562.34,44598.7,46240.35,46240.35,,Yahoo Finance (^J203.JO); 31-Dec-2020 verified from Yahoo table
2020-04-07,46240.35,48318.96,46240.35,47496.72,47496.72,,Yahoo Finance (^J203.JO); 31-Dec-2020 verified from Yahoo table
2020-04-08,47496.72,47496.72,46376.33,46689.9,46689.9,,Yahoo Finance (^J203.JO); 31-Dec-2020 verified from Yahoo table
2020-04-09,46689.9,48016.3,46583.14,48011.56,48011.56,,Yahoo Finance (^J203.JO); 31-Dec-2020 verified from Yahoo table
2020-04-14,48011.56,49941.19,48011.56,49874.51,49874.51,,Yahoo Finance (^J203.JO); 31-Dec-2020 verified from Yahoo table
2020-04-15,49874.51,49874.51,47977.96,48301.28,48301.28,,Yahoo Finance (^J203.JO); 31-Dec-2020 verified from Yahoo table
2020-04-16,48301.28,48991.08,48215.08,48245.11,48245.11,,Yahoo Finance (^J203.JO); 31-Dec-2020 verified from Yahoo table
2020-04-17,48245.11,49804.66,48245.11,49134.65,49134.65,,Yahoo Finance (^J203.JO); 31-Dec-2020 verified from Yahoo table
2020-04-20,49134.65,49343.42,48255.05,48849.52,48849.52,,Yahoo Finance (^J203.JO); 31-Dec-2020 verified from Yahoo table
2020-04-21,48849.52,48849.52,47264.12,47628.87,47628.87,,Yahoo Finance (^J203.JO); 31-Dec-2020 verified from Yahoo table
2020-04-22,47628.87,48216.67,47596.34,48108.49,48108.49,,Yahoo Finance (^J203.JO); 31-Dec-2020 verified from Yahoo table
2020-04-23,48108.49,49682.57,48108.49,49601.82,49601.82,,Yahoo Finance (^J203.JO); 31-Dec-2020 verified from Yahoo table
2020-04-24,49601.82,49653.05,48900.0,49527.23,49527.23,,Yahoo Finance (^J203.JO); 31-Dec-2020 verified from Yahoo table
2020-04-28,49527.23,50349.11,49494.3,50029.22,50029.22,,Yahoo Finance (^J203.JO); 31-Dec-2020 verified from Yahoo table
2020-04-29,50029.22,50857.25,49976.52,50857.25,50857.25,,Yahoo Finance (^J203.JO); 31-Dec-2020 verified from Yahoo table
2020-04-30,50857.25,51227.88,50068.16,50336.72,50336.72,,Yahoo Finance (^J203.JO); 31-Dec-2020 verified from Yahoo table
2020-05-04,50336.72,50336.72,48366.49,49186.59,49186.59,,Yahoo Finance (^J203.JO); 31-Dec-2020 verified from Yahoo table
2020-05-05,49186.59,49775.41,48969.73,49184.16,49184.16,,Yahoo Finance (^J203.JO); 31-Dec-2020 verified from Yahoo table
2020-05-06,49184.16,49892.3,48914.45,49831.99,49831.99,,Yahoo Finance (^J203.JO); 31-Dec-2020 verified from Yahoo table
2020-05-07,49831.99,50261.07,49596.41,50019.7,50019.7,,Yahoo Finance (^J203.JO); 31-Dec-2020 verified from Yahoo table
2020-05-08,50019.7,51126.49,50019.7,51003.58,51003.58,,Yahoo Finance (^J203.JO); 31-Dec-2020 verified from Yahoo table
2020-05-11,51003.58,51292.52,50142.21,50202.85,50202.85,,Yahoo Finance (^J203.JO); 31-Dec-2020 verified from Yahoo table
2020-05-12,50202.85,50795.46,50202.85,50319.41,50319.41,,Yahoo Finance (^J203.JO); 31-Dec-2020 verified from Yahoo table
2020-05-13,50319.41,50690.0,49326.66,50152.05,50152.05,,Yahoo Finance (^J203.JO); 31-Dec-2020 verified from Yahoo table
2020-05-14,50152.05,50152.05,48804.95,49113.06,49113.06,,Yahoo Finance (^J203.JO); 31-Dec-2020 verified from Yahoo table
2020-05-15,49113.06,50050.63,49113.06,49628.72,49628.72,,Yahoo Finance (^J203.JO); 31-Dec-2020 verified from Yahoo table
2020-05-18,49628.72,51382.06,49628.72,51382.06,51382.06,,Yahoo Finance (^J203.JO); 31-Dec-2020 verified from Yahoo table
2020-05-19,51382.06,52056.31,51382.06,51950.14,51950.14,,Yahoo Finance (^J203.JO); 31-Dec-2020 verified from Yahoo table
2020-05-20,51950.14,52231.57,51770.2,52142.75,52142.75,,Yahoo Finance (^J203.JO); 31-Dec-2020 verified from Yahoo table
2020-05-21,52142.75,52142.75,51022.76,51022.76,51022.76,,Yahoo Finance (^J203.JO); 31-Dec-2020 verified from Yahoo table
2020-05-22,51022.76,51022.76,49530.83,50147.21,50147.21,,Yahoo Finance (^J203.JO); 31-Dec-2020 verified from Yahoo table
2020-05-25,50147.21,50356.6,49814.1,50074.21,50074.21,,Yahoo Finance (^J203.JO); 31-Dec-2020 verified from Yahoo table
2020-05-26,50074.21,50819.38,50074.21,50602.5,50602.5,,Yahoo Finance (^J203.JO); 31-Dec-2020 verified from Yahoo table
2020-05-27,50602.5,50935.83,50307.17,50495.95,50495.95,,Yahoo Finance (^J203.JO); 31-Dec-2020 verified from Yahoo table
2020-05-28,50495.95,51389.12,50447.41,51389.12,51389.12,,Yahoo Finance (^J203.JO); 31-Dec-2020 verified from Yahoo table
2020-05-29,51389.12,51389.12,50399.23,50483.0,50483.0,,Yahoo Finance (^J203.JO); 31-Dec-2020 verified from Yahoo table
2020-06-01,50483.0,51766.81,50483.0,50929.59,50929.59,,Yahoo Finance (^J203.JO); 31-Dec-2020 verified from Yahoo table
2020-06-02,50929.59,52715.78,50929.59,52496.86,52496.86,,Yahoo Finance (^J203.JO); 31-Dec-2020 verified from Yahoo table
2020-06-03,52496.86,53645.28,52496.86,53645.28,53645.28,,Yahoo Finance (^J203.JO); 31-Dec-2020 verified from Yahoo table
2020-06-04,53645.28,53673.14,53040.97,53204.79,53204.79,,Yahoo Finance (^J203.JO); 31-Dec-2020 verified from Yahoo table
2020-06-05,53204.79,54909.73,53204.79,54722.38,54722.38,,Yahoo Finance (^J203.JO); 31-Dec-2020 verified from Yahoo table
2020-06-08,54722.38,54912.52,54293.62,54684.32,54684.32,,Yahoo Finance (^J203.JO); 31-Dec-2020 verified from Yahoo table
2020-06-09,54684.32,54898.2,54078.01,54483.48,54483.48,,Yahoo Finance (^J203.JO); 31-Dec-2020 verified from Yahoo table
2020-06-10,54483.48,54823.38,53508.95,53672.63,53672.63,,Yahoo Finance (^J203.JO); 31-Dec-2020 verified from Yahoo table
2020-06-11,53672.63,53672.63,52398.37,53295.3,53295.3,,Yahoo Finance (^J203.JO); 31-Dec-2020 verified from Yahoo table
2020-06-12,53295.3,53734.0,52190.35,53639.64,53639.64,,Yahoo Finance (^J203.JO); 31-Dec-2020 verified from Yahoo table
2020-06-15,53639.64,53639.64,51965.95,52270.2,52270.2,,Yahoo Finance (^J203.JO); 31-Dec-2020 verified from Yahoo table
2020-06-17,52270.2,54040.12,52270.2,54027.42,54027.42,,Yahoo Finance (^J203.JO); 31-Dec-2020 verified from Yahoo table
2020-06-18,54027.42,54315.71,53495.12,53941.22,53941.22,,Yahoo Finance (^J203.JO); 31-Dec-2020 verified from Yahoo table
2020-06-19,53941.22,54651.87,53941.22,54224.4,54224.4,,Yahoo Finance (^J203.JO); 31-Dec-2020 verified from Yahoo table
2020-06-22,54224.4,54678.7,54063.3,54230.17,54230.17,,Yahoo Finance (^J203.JO); 31-Dec-2020 verified from Yahoo table
2020-06-23,54230.17,55627.06,54230.17,55474.93,55474.93,,Yahoo Finance (^J203.JO); 31-Dec-2020 verified from Yahoo table
2020-06-24,55474.93,55635.95,54275.34,54447.73,54447.73,,Yahoo Finance (^J203.JO); 31-Dec-2020 verified from Yahoo table
2020-06-25,54447.73,54447.73,53650.31,53914.05,53914.05,,Yahoo Finance (^J203.JO); 31-Dec-2020 verified from Yahoo table
2020-06-26,53914.05,54375.14,53632.34,53648.05,53648.05,,Yahoo Finance (^J203.JO); 31-Dec-2020 verified from Yahoo table
2020-06-29,53648.05,54240.75,53335.35,54141.5,54141.5,,Yahoo Finance (^J203.JO); 31-Dec-2020 verified from Yahoo table
2020-06-30,54141.5,54561.41,54048.11,54362.36,54362.36,,Yahoo Finance (^J203.JO); 31-Dec-2020 verified from Yahoo table
2020-07-01,54362.36,54568.06,53572.97,53787.72,53787.72,,Yahoo Finance (^J203.JO); 31-Dec-2020 verified from Yahoo table
2020-07-02,53787.72,54963.53,53787.72,54617.19,54617.19,,Yahoo Finance (^J203.JO); 31-Dec-2020 verified from Yahoo table
2020-07-03,54617.19,54925.35,54403.66,54521.9,54521.9,,Yahoo Finance (^J203.JO); 31-Dec-2020 verified from Yahoo table
2020-07-06,54521.9,55291.18,54521.9,54846.28,54846.28,,Yahoo Finance (^J203.JO); 31-Dec-2020 verified from Yahoo table
2020-07-07,54846.28,55292.34,54606.84,55243.8,55243.8,,Yahoo Finance (^J203.JO); 31-Dec-2020 verified from Yahoo table
2020-07-08,55243.8,55920.54,55243.8,55870.69,55870.69,,Yahoo Finance (^J203.JO); 31-Dec-2020 verified from Yahoo table
2020-07-09,55870.69,56515.82,55787.9,55787.9,55787.9,,Yahoo Finance (^J203.JO); 31-Dec-2020 verified from Yahoo table
2020-07-10,55787.9,55925.95,54999.48,55417.89,55417.89,,Yahoo Finance (^J203.JO); 31-Dec-2020 verified from Yahoo table
2020-07-13,55417.89,56283.92,55417.89,56199.46,56199.46,,Yahoo Finance (^J203.JO); 31-Dec-2020 verified from Yahoo table
2020-07-14,56199.46,56199.46,55053.58,55531.05,55531.05,,Yahoo Finance (^J203.JO); 31-Dec-2020 verified from Yahoo table
2020-07-15,55531.05,56421.68,55531.05,55947.05,55947.05,,Yahoo Finance (^J203.JO); 31-Dec-2020 verified from Yahoo table
2020-07-16,55947.05,55947.05,54962.77,55729.45,55729.45,,Yahoo Finance (^J203.JO); 31-Dec-2020 verified from Yahoo table
2020-07-17,55729.45,55951.13,55637.86,55911.8,55911.8,,Yahoo Finance (^J203.JO); 31-Dec-2020 verified from Yahoo table
2020-07-20,55911.8,56455.44,55731.92,56265.36,56265.36,,Yahoo Finance (^J203.JO); 31-Dec-2020 verified from Yahoo table
2020-07-21,56265.36,57415.26,56265.36,56422.14,56422.14,,Yahoo Finance (^J203.JO); 31-Dec-2020 verified from Yahoo table
2020-07-22,56422.14,56488.5,55547.79,55834.24,55834.24,,Yahoo Finance (^J203.JO); 31-Dec-2020 verified from Yahoo table
2020-07-23,55834.24,56446.87,55834.24,56070.7,56070.7,,Yahoo Finance (^J203.JO); 31-Dec-2020 verified from Yahoo table
2020-07-24,56070.7,56070.7,55300.11,55645.65,55645.65,,Yahoo Finance (^J203.JO); 31-Dec-2020 verified from Yahoo table
2020-07-27,55645.65,56425.88,55645.65,56326.2,56326.2,,Yahoo Finance (^J203.JO); 31-Dec-2020 verified from Yahoo table
2020-07-28,56326.2,56495.34,55973.39,56488.11,56488.11,,Yahoo Finance (^J203.JO); 31-Dec-2020 verified from Yahoo table
2020-07-29,56488.11,56829.51,56312.66,56707.74,56707.74,,Yahoo Finance (^J203.JO); 31-Dec-2020 verified from Yahoo table
2020-07-30,56707.74,57068.43,55720.78,55844.9,55844.9,,Yahoo Finance (^J203.JO); 31-Dec-2020 verified from Yahoo table
2020-07-31,55844.9,56655.9,55662.97,55721.8,55721.8,,Yahoo Finance (^J203.JO); 31-Dec-2020 verified from Yahoo table
2020-08-03,55721.8,56314.24,55420.12,55829.4,55829.4,,Yahoo Finance (^J203.JO); 31-Dec-2020 verified from Yahoo table
2020-08-04,55829.4,56368.28,55829.4,56248.93,56248.93,,Yahoo Finance (^J203.JO); 31-Dec-2020 verified from Yahoo table
2020-08-05,56248.93,57797.79,56248.93,57629.36,57629.36,,Yahoo Finance (^J203.JO); 31-Dec-2020 verified from Yahoo table
2020-08-06,57629.36,58092.12,57586.0,57656.69,57656.69,,Yahoo Finance (^J203.JO); 31-Dec-2020 verified from Yahoo table
2020-08-07,57654.38,57654.38,56539.47,56757.73,56757.73,,Yahoo Finance (^J203.JO); 31-Dec-2020 verified from Yahoo table
2020-08-11,56757.73,57676.49,56757.73,57168.24,57168.24,,Yahoo Finance (^J203.JO); 31-Dec-2020 verified from Yahoo table
2020-08-12,57168.24,57610.21,56862.28,57417.28,57417.28,,Yahoo Finance (^J203.JO); 31-Dec-2020 verified from Yahoo table
2020-08-13,57417.28,57459.5,56814.97,57419.46,57419.46,,Yahoo Finance (^J203.JO); 31-Dec-2020 verified from Yahoo table
2020-08-14,57419.46,57419.46,56923.8,57077.48,57077.48,,Yahoo Finance (^J203.JO); 31-Dec-2020 verified from Yahoo table
2020-08-17,57077.48,57674.14,57008.54,57435.08,57435.08,,Yahoo Finance (^J203.JO); 31-Dec-2020 verified from Yahoo table
2020-08-18,57435.08,57664.24,56891.72,57025.16,57025.16,,Yahoo Finance (^J203.JO); 31-Dec-2020 verified from Yahoo table
2020-08-19,57025.16,57025.16,56387.23,56433.28,56433.28,,Yahoo Finance (^J203.JO); 31-Dec-2020 verified from Yahoo table
2020-08-20,56433.28,56433.28,55267.4,55629.98,55629.98,,Yahoo Finance (^J203.JO); 31-Dec-2020 verified from Yahoo table
2020-08-21,55629.98,56416.52,55432.08,55949.92,55949.92,,Yahoo Finance (^J203.JO); 31-Dec-2020 verified from Yahoo table
2020-08-24,55949.92,57046.2,55949.92,56625.42,56625.42,,Yahoo Finance (^J203.JO); 31-Dec-2020 verified from Yahoo table
2020-08-25,56625.42,56853.2,56052.67,56114.23,56114.23,,Yahoo Finance (^J203.JO); 31-Dec-2020 verified from Yahoo table
2020-08-26,56114.23,56628.18,55853.36,56572.24,56572.24,,Yahoo Finance (^J203.JO); 31-Dec-2020 verified from Yahoo table
2020-08-27,56572.24,57368.38,56572.24,56869.67,56869.67,,Yahoo Finance (^J203.JO); 31-Dec-2020 verified from Yahoo table
2020-08-28,56869.67,56926.13,55820.96,56057.1,56057.1,,Yahoo Finance (^J203.JO); 31-Dec-2020 verified from Yahoo table
2020-08-31,56057.1,56515.39,55308.85,55476.11,55476.11,,Yahoo Finance (^J203.JO); 31-Dec-2020 verified from Yahoo table
2020-09-01,55476.11,56478.49,55476.11,55927.69,55927.69,,Yahoo Finance (^J203.JO); 31-Dec-2020 verified from Yahoo table
2020-09-02,55927.69,56441.67,55712.29,55861.88,55861.88,,Yahoo Finance (^J203.JO); 31-Dec-2020 verified from Yahoo table
2020-09-03,55861.88,55861.88,54491.44,54522.35,54522.35,,Yahoo Finance (^J203.JO); 31-Dec-2020 verified from Yahoo table
2020-09-04,54522.35,54596.11,53684.89,53878.95,53878.95,,Yahoo Finance (^J203.JO); 31-Dec-2020 verified from Yahoo table
2020-09-07,53878.95,54512.62,53878.95,54400.28,54400.28,,Yahoo Finance (^J203.JO); 31-Dec-2020 verified from Yahoo table
2020-09-08,54400.28,54692.2,54111.56,54438.82,54438.82,,Yahoo Finance (^J203.JO); 31-Dec-2020 verified from Yahoo table
2020-09-09,54438.82,55211.34,54438.82,55211.34,55211.34,,Yahoo Finance (^J203.JO); 31-Dec-2020 verified from Yahoo table
2020-09-10,55211.34,56327.4,55051.16,55953.96,55953.96,,Yahoo Finance (^J203.JO); 31-Dec-2020 verified from Yahoo table
2020-09-11,55953.96,56276.95,55780.46,56087.84,56087.84,,Yahoo Finance (^J203.JO); 31-Dec-2020 verified from Yahoo table
2020-09-14,56087.84,56658.96,56034.47,56327.05,56327.05,,Yahoo Finance (^J203.JO); 31-Dec-2020 verified from Yahoo table
2020-09-15,56327.05,56722.8,56014.07,56130.78,56130.78,,Yahoo Finance (^J203.JO); 31-Dec-2020 verified from Yahoo table
2020-09-16,56130.78,56245.43,55833.03,55960.74,55960.74,,Yahoo Finance (^J203.JO); 31-Dec-2020 verified from Yahoo table
2020-09-17,55960.74,55960.74,54785.09,55035.6,55035.6,,Yahoo Finance (^J203.JO); 31-Dec-2020 verified from Yahoo table
2020-09-18,55035.6,55266.63,54598.8,54673.65,54673.65,,Yahoo Finance (^J203.JO); 31-Dec-2020 verified from Yahoo table
2020-09-21,54673.65,54673.65,53053.61,53319.08,53319.08,,Yahoo Finance (^J203.JO); 31-Dec-2020 verified from Yahoo table
2020-09-22,53319.08,53578.84,53059.14,53265.33,53265.33,,Yahoo Finance (^J203.JO); 31-Dec-2020 verified from Yahoo table
2020-09-23,53265.33,54641.54,53213.12,54247.81,54247.81,,Yahoo Finance (^J203.JO); 31-Dec-2020 verified from Yahoo table
2020-09-25,54247.81,54247.81,52963.6,53587.11,53587.11,,Yahoo Finance (^J203.JO); 31-Dec-2020 verified from Yahoo table
2020-09-28,53587.11,54916.35,53587.11,54718.8,54718.8,,Yahoo Finance (^J203.JO); 31-Dec-2020 verified from Yahoo table
2020-09-29,54718.8,54734.93,54352.33,54506.88,54506.88,,Yahoo Finance (^J203.JO); 31-Dec-2020 verified from Yahoo table
2020-09-30,54506.88,54683.03,54140.34,54264.96,54264.96,,Yahoo Finance (^J203.JO); 31-Dec-2020 verified from Yahoo table
2020-10-01,54264.96,54815.95,54171.95,54446.78,54446.78,,Yahoo Finance (^J203.JO); 31-Dec-2020 verified from Yahoo table
2020-10-02,54446.78,54446.78,53782.18,54219.24,54219.24,,Yahoo Finance (^J203.JO); 31-Dec-2020 verified from Yahoo table
2020-10-05,54219.24,54698.86,54219.24,54524.05,54524.05,,Yahoo Finance (^J203.JO); 31-Dec-2020 verified from Yahoo table
2020-10-06,54524.05,54882.42,54183.92,54203.83,54203.83,,Yahoo Finance (^J203.JO); 31-Dec-2020 verified from Yahoo table
2020-10-07,54203.83,54749.77,54032.1,54749.77,54749.77,,Yahoo Finance (^J203.JO); 31-Dec-2020 verified from Yahoo table
2020-10-08,54749.77,54870.69,54447.24,54554.85,54554.85,,Yahoo Finance (^J203.JO); 31-Dec-2020 verified from Yahoo table
2020-10-09,54554.85,55182.99,54554.85,55182.99,55182.99,,Yahoo Finance (^J203.JO); 31-Dec-2020 verified from Yahoo table
2020-10-12,55182.99,55767.18,55182.99,55552.35,55552.35,,Yahoo Finance (^J203.JO); 31-Dec-2020 verified from Yahoo table
2020-10-13,55552.35,55599.32,54992.08,55054.53,55054.53,,Yahoo Finance (^J203.JO); 31-Dec-2020 verified from Yahoo table
2020-10-14,55054.53,55470.73,55054.53,55394.23,55394.23,,Yahoo Finance (^J203.JO); 31-Dec-2020 verified from Yahoo table
2020-10-15,55394.23,55394.23,54359.64,54843.96,54843.96,,Yahoo Finance (^J203.JO); 31-Dec-2020 verified from Yahoo table
2020-10-16,54843.96,55206.72,54843.96,55047.26,55047.26,,Yahoo Finance (^J203.JO); 31-Dec-2020 verified from Yahoo table
2020-10-19,55047.26,55404.8,55013.02,55161.03,55161.03,,Yahoo Finance (^J203.JO); 31-Dec-2020 verified from Yahoo table
2020-10-20,55161.03,55328.03,54838.83,55271.75,55271.75,,Yahoo Finance (^J203.JO); 31-Dec-2020 verified from Yahoo table
2020-10-21,55271.75,55481.96,54936.33,55345.49,55345.49,,Yahoo Finance (^J203.JO); 31-Dec-2020 verified from Yahoo table
2020-10-22,55345.49,55345.49,54731.14,54796.42,54796.42,,Yahoo Finance (^J203.JO); 31-Dec-2020 verified from Yahoo table
2020-10-23,54796.42,55523.73,54796.42,55339.58,55339.58,,Yahoo Finance (^J203.JO); 31-Dec-2020 verified from Yahoo table
2020-10-26,55339.58,55339.58,54819.71,54890.88,54890.88,,Yahoo Finance (^J203.JO); 31-Dec-2020 verified from Yahoo table
2020-10-27,54890.88,55059.95,53986.37,54079.43,54079.43,,Yahoo Finance (^J203.JO); 31-Dec-2020 verified from Yahoo table
2020-10-28,54079.43,54333.4,52273.21,52308.14,52308.14,,Yahoo Finance (^J203.JO); 31-Dec-2020 verified from Yahoo table
2020-10-29,52308.14,52853.72,51420.95,51896.97,51896.97,,Yahoo Finance (^J203.JO); 31-Dec-2020 verified from Yahoo table
2020-10-30,51896.97,52028.79,51225.53,51684.7,51684.7,,Yahoo Finance (^J203.JO); 31-Dec-2020 verified from Yahoo table
2020-11-02,51684.7,52695.06,51684.7,52618.04,52618.04,,Yahoo Finance (^J203.JO); 31-Dec-2020 verified from Yahoo table
2020-11-03,52618.04,53597.2,52618.04,53187.81,53187.81,,Yahoo Finance (^J203.JO); 31-Dec-2020 verified from Yahoo table
2020-11-04,53187.81,53975.53,52811.67,53656.21,53656.21,,Yahoo Finance (^J203.JO); 31-Dec-2020 verified from Yahoo table
2020-11-05,53656.21,55239.01,53656.21,55225.24,55225.24,,Yahoo Finance (^J203.JO); 31-Dec-2020 verified from Yahoo table
2020-11-06,55225.24,56564.22,54933.36,56387.04,56387.04,,Yahoo Finance (^J203.JO); 31-Dec-2020 verified from Yahoo table
2020-11-09,56387.04,57952.01,56387.04,57307.49,57307.49,,Yahoo Finance (^J203.JO); 31-Dec-2020 verified from Yahoo table
2020-11-10,57307.49,57741.73,56671.02,57672.12,57672.12,,Yahoo Finance (^J203.JO); 31-Dec-2020 verified from Yahoo table
2020-11-11,57672.12,57843.76,57374.69,57607.3,57607.3,,Yahoo Finance (^J203.JO); 31-Dec-2020 verified from Yahoo table
2020-11-12,57607.3,57956.04,56934.9,57031.19,57031.19,,Yahoo Finance (^J203.JO); 31-Dec-2020 verified from Yahoo table
2020-11-13,57031.19,57209.65,56745.58,57182.6,57182.6,,Yahoo Finance (^J203.JO); 31-Dec-2020 verified from Yahoo table
2020-11-16,57182.6,57585.77,57159.58,57267.0,57267.0,,Yahoo Finance (^J203.JO); 31-Dec-2020 verified from Yahoo table
2020-11-17,57267.0,57505.45,56994.48,57053.01,57053.01,,Yahoo Finance (^J203.JO); 31-Dec-2020 verified from Yahoo table
2020-11-18,57053.01,57522.38,56686.7,57323.67,57323.67,,Yahoo Finance (^J203.JO); 31-Dec-2020 verified from Yahoo table
2020-11-19,57323.67,57323.67,56591.2,56753.49,56753.49,,Yahoo Finance (^J203.JO); 31-Dec-2020 verified from Yahoo table
2020-11-20,56753.49,56949.73,56459.1,56615.28,56615.28,,Yahoo Finance (^J203.JO); 31-Dec-2020 verified from Yahoo table
2020-11-23,56615.28,57435.85,56615.28,57147.31,57147.31,,Yahoo Finance (^J203.JO); 31-Dec-2020 verified from Yahoo table
2020-11-24,57147.31,57885.46,57147.31,57761.92,57761.92,,Yahoo Finance (^J203.JO); 31-Dec-2020 verified from Yahoo table
2020-11-25,57761.92,57862.7,57522.84,57742.19,57742.19,,Yahoo Finance (^J203.JO); 31-Dec-2020 verified from Yahoo table
2020-11-26,57742.19,58097.44,57741.41,57923.69,57923.69,,Yahoo Finance (^J203.JO); 31-Dec-2020 verified from Yahoo table
2020-11-27,57923.69,58128.81,57662.31,57822.5,57822.5,,Yahoo Finance (^J203.JO); 31-Dec-2020 verified from Yahoo table
2020-11-30,57822.5,57822.5,56809.35,57091.89,57091.89,,Yahoo Finance (^J203.JO); 31-Dec-2020 verified from Yahoo table
2020-12-01,57091.89,57712.36,57091.89,57509.72,57509.72,,Yahoo Finance (^J203.JO); 31-Dec-2020 verified from Yahoo table
2020-12-02,57509.72,58281.98,57509.72,58281.98,58281.98,,Yahoo Finance (^J203.JO); 31-Dec-2020 verified from Yahoo table
2020-12-03,58281.98,59147.23,58281.98,58947.48,58947.48,,Yahoo Finance (^J203.JO); 31-Dec-2020 verified from Yahoo table
2020-12-04,58947.48,59468.12,58947.48,59419.37,59419.37,,Yahoo Finance (^J203.JO); 31-Dec-2020 verified from Yahoo table
2020-12-07,59419.37,59527.7,58999.0,59527.7,59527.7,,Yahoo Finance (^J203.JO); 31-Dec-2020 verified from Yahoo table
2020-12-08,59527.7,59607.85,58976.12,59159.36,59159.36,,Yahoo Finance (^J203.JO); 31-Dec-2020 verified from Yahoo table
2020-12-09,59159.36,59669.66,59045.58,59291.75,59291.75,,Yahoo Finance (^J203.JO); 31-Dec-2020 verified from Yahoo table
2020-12-10,59291.75,59303.94,58875.49,59282.77,59282.77,,Yahoo Finance (^J203.JO); 31-Dec-2020 verified from Yahoo table
2020-12-11,59282.77,59424.07,58908.64,59412.61,59412.61,,Yahoo Finance (^J203.JO); 31-Dec-2020 verified from Yahoo table
2020-12-14,59412.61,59648.89,59191.11,59508.8,59508.8,,Yahoo Finance (^J203.JO); 31-Dec-2020 verified from Yahoo table
2020-12-15,59508.8,59577.78,59059.25,59478.26,59478.26,,Yahoo Finance (^J203.JO); 31-Dec-2020 verified from Yahoo table
2020-12-17,59478.26,60591.92,59478.26,60544.3,60544.3,,Yahoo Finance (^J203.JO); 31-Dec-2020 verified from Yahoo table
2020-12-18,60544.3,60544.3,59788.12,59788.12,59788.12,,Yahoo Finance (^J203.JO); 31-Dec-2020 verified from Yahoo table
2020-12-21,59788.12,59788.12,58142.43,58714.87,58714.87,,Yahoo Finance (^J203.JO); 31-Dec-2020 verified from Yahoo table
2020-12-22,58714.87,58763.4,58349.72,58619.75,58619.75,,Yahoo Finance (^J203.JO); 31-Dec-2020 verified from Yahoo table
2020-12-23,58619.75,59047.41,58466.8,58986.72,58986.72,,Yahoo Finance (^J203.JO); 31-Dec-2020 verified from Yahoo table
2020-12-24,58986.72,59175.8,58764.16,59175.8,59175.8,,Yahoo Finance (^J203.JO); 31-Dec-2020 verified from Yahoo table
2020-12-28,59175.8,59243.61,58535.21,59006.07,59006.07,,Yahoo Finance (^J203.JO); 31-Dec-2020 verified from Yahoo table
2020-12-29,59006.07,59681.53,58745.51,59246.4,59246.4,,Yahoo Finance (^J203.JO); 31-Dec-2020 verified from Yahoo table
2020-12-30,59246.4,60055.13,59246.4,59634.93,59634.93,,Yahoo Finance (^J203.JO); 31-Dec-2020 verified from Yahoo table
2020-12-31,59634.93,59634.93,58994.51,59408.68,59408.68,,Yahoo Finance (^J203.JO); 31-Dec-2020 verified from Yahoo table
